,NOC,Year,Count
0,AFG,1936,16
1,AFG,1948,25
2,AFG,1956,12
3,AFG,1960,16
4,AFG,1964,8
5,AFG,1968,5
6,AFG,1972,8
7,AFG,1980,11
8,AFG,1988,5
9,AFG,1996,2
10,AFG,2004,5
11,AFG,2008,4
12,AFG,2012,6
13,AFG,2016,3
14,AHO,1952,11
15,AHO,1960,5
16,AHO,1964,4
17,AHO,1968,5
18,AHO,1972,2
19,AHO,1976,4
20,AHO,1984,13
21,AHO,1988,7
22,AHO,1992,6
23,AHO,1996,7
24,AHO,2000,8
25,AHO,2004,3
26,AHO,2008,4
27,ALB,1972,5
28,ALB,1992,9
29,ALB,1996,9
30,ALB,2000,5
31,ALB,2004,7
32,ALB,2006,3
33,ALB,2008,12
34,ALB,2010,2
35,ALB,2012,10
36,ALB,2014,2
37,ALB,2016,6
38,ALG,1964,7
39,ALG,1968,9
40,ALG,1972,7
41,ALG,1980,63
42,ALG,1984,33
43,ALG,1988,45
44,ALG,1992,44
45,ALG,1996,47
46,ALG,2000,51
47,ALG,2004,71
48,ALG,2006,3
49,ALG,2008,57
50,ALG,2010,1
51,ALG,2012,39
52,ALG,2016,74
53,AND,1976,14
54,AND,1980,11
55,AND,1984,8
56,AND,1988,13
57,AND,1992,22
58,AND,1994,13
59,AND,1996,8
60,AND,1998,7
61,AND,2000,5
62,AND,2002,5
63,AND,2004,6
64,AND,2006,10
65,AND,2008,5
66,AND,2010,20
67,AND,2012,6
68,AND,2014,12
69,AND,2016,4
70,ANG,1980,17
71,ANG,1988,33
72,ANG,1992,33
73,ANG,1996,30
74,ANG,2000,30
75,ANG,2004,30
76,ANG,2008,33
77,ANG,2012,35
78,ANG,2016,26
79,ANT,1976,17
80,ANT,1984,27
81,ANT,1988,25
82,ANT,1992,18
83,ANT,1996,19
84,ANT,2000,4
85,ANT,2004,5
86,ANT,2008,5
87,ANT,2012,4
88,ANT,2016,9
89,ANZ,1908,48
90,ANZ,1912,38
91,ARG,1900,1
92,ARG,1908,1
93,ARG,1920,1
94,ARG,1924,109
95,ARG,1928,108
96,ARG,1932,47
97,ARG,1936,68
98,ARG,1948,315
99,ARG,1952,195
100,ARG,1956,44
101,ARG,1960,130
102,ARG,1964,170
103,ARG,1968,144
104,ARG,1972,129
105,ARG,1976,122
106,ARG,1980,26
107,ARG,1984,152
108,ARG,1988,179
109,ARG,1992,157
110,ARG,1994,20
111,ARG,1996,221
112,ARG,1998,6
113,ARG,2000,165
114,ARG,2002,26
115,ARG,2004,179
116,ARG,2006,17
117,ARG,2008,145
118,ARG,2010,20
119,ARG,2012,148
120,ARG,2014,20
121,ARG,2016,232
122,ARM,1994,2
123,ARM,1996,38
124,ARM,1998,7
125,ARM,2000,26
126,ARM,2002,17
127,ARM,2004,19
128,ARM,2006,9
129,ARM,2008,26
130,ARM,2010,6
131,ARM,2012,31
132,ARM,2014,6
133,ARM,2016,34
134,ARU,1988,12
135,ARU,1992,5
136,ARU,1996,3
137,ARU,2000,5
138,ARU,2004,4
139,ARU,2008,2
140,ARU,2012,4
141,ARU,2016,7
142,ASA,1988,6
143,ASA,1992,3
144,ASA,1994,2
145,ASA,1996,7
146,ASA,2000,4
147,ASA,2004,3
148,ASA,2008,4
149,ASA,2012,4
150,ASA,2016,4
151,AUS,1896,5
152,AUS,1900,6
153,AUS,1904,6
154,AUS,1906,10
155,AUS,1920,29
156,AUS,1924,61
157,AUS,1928,29
158,AUS,1932,20
159,AUS,1936,42
160,AUS,1948,103
161,AUS,1952,159
162,AUS,1956,429
163,AUS,1960,318
164,AUS,1964,406
165,AUS,1968,231
166,AUS,1972,278
167,AUS,1976,293
168,AUS,1980,209
169,AUS,1984,357
170,AUS,1988,375
171,AUS,1992,431
172,AUS,1994,47
173,AUS,1996,550
174,AUS,1998,34
175,AUS,2000,788
176,AUS,2002,41
177,AUS,2004,601
178,AUS,2006,45
179,AUS,2008,570
180,AUS,2010,49
181,AUS,2012,514
182,AUS,2014,84
183,AUS,2016,518
184,AUT,1896,8
185,AUT,1900,26
186,AUT,1904,7
187,AUT,1906,100
188,AUT,1908,13
189,AUT,1912,132
190,AUT,1924,60
191,AUT,1928,162
192,AUT,1932,45
193,AUT,1936,435
194,AUT,1948,323
195,AUT,1952,312
196,AUT,1956,144
197,AUT,1960,240
198,AUT,1964,198
199,AUT,1968,171
200,AUT,1972,211
201,AUT,1976,189
202,AUT,1980,158
203,AUT,1984,235
204,AUT,1988,249
205,AUT,1992,248
206,AUT,1994,130
207,AUT,1996,92
208,AUT,1998,154
209,AUT,2000,114
210,AUT,2002,148
211,AUT,2004,92
212,AUT,2006,132
213,AUT,2008,93
214,AUT,2010,132
215,AUT,2012,90
216,AUT,2014,213
217,AUT,2016,85
218,AZE,1996,24
219,AZE,1998,4
220,AZE,2000,32
221,AZE,2002,4
222,AZE,2004,37
223,AZE,2006,2
224,AZE,2008,44
225,AZE,2010,4
226,AZE,2012,59
227,AZE,2014,4
228,AZE,2016,69
229,BAH,1952,7
230,BAH,1956,5
231,BAH,1960,14
232,BAH,1964,12
233,BAH,1968,22
234,BAH,1972,25
235,BAH,1976,19
236,BAH,1984,31
237,BAH,1988,18
238,BAH,1992,18
239,BAH,1996,36
240,BAH,2000,39
241,BAH,2004,28
242,BAH,2008,33
243,BAH,2012,29
244,BAH,2016,38
245,BAN,1984,2
246,BAN,1988,11
247,BAN,1992,9
248,BAN,1996,4
249,BAN,2000,6
250,BAN,2004,4
251,BAN,2008,5
252,BAN,2012,7
253,BAN,2016,7
254,BAR,1968,13
255,BAR,1972,20
256,BAR,1976,17
257,BAR,1984,25
258,BAR,1988,26
259,BAR,1992,22
260,BAR,1996,22
261,BAR,2000,28
262,BAR,2004,15
263,BAR,2008,10
264,BAR,2012,8
265,BAR,2016,13
266,BDI,1996,7
267,BDI,2000,6
268,BDI,2004,7
269,BDI,2008,3
270,BDI,2012,6
271,BDI,2016,10
272,BEL,1900,100
273,BEL,1906,31
274,BEL,1908,99
275,BEL,1912,72
276,BEL,1920,518
277,BEL,1924,266
278,BEL,1928,286
279,BEL,1932,74
280,BEL,1936,242
281,BEL,1948,201
282,BEL,1952,199
283,BEL,1956,88
284,BEL,1960,150
285,BEL,1964,85
286,BEL,1968,106
287,BEL,1972,109
288,BEL,1976,160
289,BEL,1980,90
290,BEL,1984,95
291,BEL,1988,86
292,BEL,1992,110
293,BEL,1994,8
294,BEL,1996,81
295,BEL,1998,3
296,BEL,2000,94
297,BEL,2002,13
298,BEL,2004,70
299,BEL,2006,8
300,BEL,2008,112
301,BEL,2010,10
302,BEL,2012,142
303,BEL,2014,11
304,BEL,2016,138
305,BEN,1972,3
306,BEN,1980,17
307,BEN,1984,3
308,BEN,1988,10
309,BEN,1992,7
310,BEN,1996,7
311,BEN,2000,4
312,BEN,2004,4
313,BEN,2008,5
314,BEN,2012,5
315,BEN,2016,6
316,BER,1936,9
317,BER,1948,28
318,BER,1952,12
319,BER,1956,3
320,BER,1960,9
321,BER,1964,4
322,BER,1968,6
323,BER,1972,9
324,BER,1976,20
325,BER,1984,13
326,BER,1988,14
327,BER,1992,30
328,BER,1994,1
329,BER,1996,10
330,BER,1998,1
331,BER,2000,7
332,BER,2002,1
333,BER,2004,10
334,BER,2006,1
335,BER,2008,6
336,BER,2010,1
337,BER,2012,8
338,BER,2014,1
339,BER,2016,8
340,BHU,1984,6
341,BHU,1988,6
342,BHU,1992,12
343,BHU,1996,2
344,BHU,2000,2
345,BHU,2004,2
346,BHU,2008,2
347,BHU,2012,2
348,BHU,2016,2
349,BIH,1992,13
350,BIH,1994,12
351,BIH,1996,12
352,BIH,1998,12
353,BIH,2000,11
354,BIH,2002,4
355,BIH,2004,11
356,BIH,2006,9
357,BIH,2008,7
358,BIH,2010,10
359,BIH,2012,8
360,BIH,2014,14
361,BIH,2016,11
362,BIZ,1968,7
363,BIZ,1972,2
364,BIZ,1976,4
365,BIZ,1984,13
366,BIZ,1988,13
367,BIZ,1992,18
368,BIZ,1996,5
369,BIZ,2000,2
370,BIZ,2004,2
371,BIZ,2008,4
372,BIZ,2012,3
373,BIZ,2016,3
374,BLR,1994,74
375,BLR,1996,259
376,BLR,1998,107
377,BLR,2000,231
378,BLR,2002,123
379,BLR,2004,192
380,BLR,2006,70
381,BLR,2008,237
382,BLR,2010,95
383,BLR,2012,185
384,BLR,2014,72
385,BLR,2016,142
386,BOH,1900,9
387,BOH,1906,29
388,BOH,1908,41
389,BOH,1912,74
390,BOL,1936,2
391,BOL,1956,2
392,BOL,1964,1
393,BOL,1968,4
394,BOL,1972,14
395,BOL,1976,5
396,BOL,1980,8
397,BOL,1984,18
398,BOL,1988,20
399,BOL,1992,29
400,BOL,1996,9
401,BOL,2000,5
402,BOL,2004,11
403,BOL,2008,7
404,BOL,2012,5
405,BOL,2016,12
406,BOT,1980,8
407,BOT,1984,8
408,BOT,1988,11
409,BOT,1992,6
410,BOT,1996,7
411,BOT,2000,9
412,BOT,2004,12
413,BOT,2008,11
414,BOT,2012,4
415,BOT,2016,14
416,BRA,1900,3
417,BRA,1920,38
418,BRA,1924,18
419,BRA,1932,67
420,BRA,1936,94
421,BRA,1948,105
422,BRA,1952,119
423,BRA,1956,63
424,BRA,1960,86
425,BRA,1964,65
426,BRA,1968,89
427,BRA,1972,104
428,BRA,1976,89
429,BRA,1980,149
430,BRA,1984,197
431,BRA,1988,233
432,BRA,1992,249
433,BRA,1994,1
434,BRA,1996,251
435,BRA,1998,1
436,BRA,2000,236
437,BRA,2002,10
438,BRA,2004,318
439,BRA,2006,12
440,BRA,2008,338
441,BRA,2010,7
442,BRA,2012,306
443,BRA,2014,17
444,BRA,2016,583
445,BRN,1984,14
446,BRN,1988,16
447,BRN,1992,15
448,BRN,1996,5
449,BRN,2000,4
450,BRN,2004,10
451,BRN,2008,15
452,BRN,2012,14
453,BRN,2016,33
454,BRU,1996,1
455,BRU,2000,2
456,BRU,2004,1
457,BRU,2012,3
458,BRU,2016,3
459,BUL,1924,31
460,BUL,1928,10
461,BUL,1932,2
462,BUL,1936,96
463,BUL,1948,9
464,BUL,1952,198
465,BUL,1956,97
466,BUL,1960,198
467,BUL,1964,135
468,BUL,1968,205
469,BUL,1972,238
470,BUL,1976,296
471,BUL,1980,413
472,BUL,1984,33
473,BUL,1988,333
474,BUL,1992,308
475,BUL,1994,38
476,BUL,1996,181
477,BUL,1998,34
478,BUL,2000,150
479,BUL,2002,54
480,BUL,2004,119
481,BUL,2006,44
482,BUL,2008,87
483,BUL,2010,41
484,BUL,2012,75
485,BUL,2014,47
486,BUL,2016,58
487,BUR,1972,1
488,BUR,1988,9
489,BUR,1992,4
490,BUR,1996,5
491,BUR,2000,4
492,BUR,2004,5
493,BUR,2008,6
494,BUR,2012,5
495,BUR,2016,5
496,CAF,1968,1
497,CAF,1984,3
498,CAF,1988,15
499,CAF,1992,21
500,CAF,1996,5
501,CAF,2000,3
502,CAF,2004,4
503,CAF,2008,3
504,CAF,2012,6
505,CAF,2016,6
506,CAM,1956,2
507,CAM,1964,15
508,CAM,1972,17
509,CAM,1996,5
510,CAM,2000,4
511,CAM,2004,4
512,CAM,2008,4
513,CAM,2012,6
514,CAM,2016,6
515,CAN,1900,7
516,CAN,1904,61
517,CAN,1906,4
518,CAN,1908,148
519,CAN,1912,60
520,CAN,1920,85
521,CAN,1924,100
522,CAN,1928,144
523,CAN,1932,244
524,CAN,1936,208
525,CAN,1948,235
526,CAN,1952,214
527,CAN,1956,202
528,CAN,1960,215
529,CAN,1964,289
530,CAN,1968,402
531,CAN,1972,429
532,CAN,1976,640
533,CAN,1980,86
534,CAN,1984,663
535,CAN,1988,693
536,CAN,1992,631
537,CAN,1994,149
538,CAN,1996,408
539,CAN,1998,208
540,CAN,2000,422
541,CAN,2002,215
542,CAN,2004,391
543,CAN,2006,305
544,CAN,2008,449
545,CAN,2010,308
546,CAN,2012,354
547,CAN,2014,359
548,CAN,2016,405
549,CAY,1976,2
550,CAY,1984,14
551,CAY,1988,12
552,CAY,1992,13
553,CAY,1996,9
554,CAY,2000,4
555,CAY,2004,8
556,CAY,2008,6
557,CAY,2010,1
558,CAY,2012,7
559,CAY,2014,2
560,CAY,2016,5
561,CGO,1964,2
562,CGO,1972,8
563,CGO,1980,25
564,CGO,1984,13
565,CGO,1988,10
566,CGO,1992,10
567,CGO,1996,5
568,CGO,2000,5
569,CGO,2004,5
570,CGO,2008,5
571,CGO,2012,7
572,CGO,2016,10
573,CHA,1964,2
574,CHA,1968,4
575,CHA,1972,5
576,CHA,1984,3
577,CHA,1988,6
578,CHA,1992,7
579,CHA,1996,4
580,CHA,2000,3
581,CHA,2004,1
582,CHA,2008,2
583,CHA,2012,2
584,CHA,2016,2
585,CHI,1912,28
586,CHI,1920,2
587,CHI,1924,18
588,CHI,1928,46
589,CHI,1936,56
590,CHI,1948,83
591,CHI,1952,89
592,CHI,1956,50
593,CHI,1960,21
594,CHI,1964,27
595,CHI,1968,36
596,CHI,1972,13
597,CHI,1976,20
598,CHI,1984,76
599,CHI,1988,39
600,CHI,1992,27
601,CHI,1994,7
602,CHI,1996,24
603,CHI,1998,6
604,CHI,2000,58
605,CHI,2002,11
606,CHI,2004,29
607,CHI,2006,15
608,CHI,2008,29
609,CHI,2010,10
610,CHI,2012,44
611,CHI,2014,14
612,CHI,2016,47
613,CHN,1932,2
614,CHN,1936,65
615,CHN,1948,33
616,CHN,1952,1
617,CHN,1980,38
618,CHN,1984,393
619,CHN,1988,442
620,CHN,1992,468
621,CHN,1994,43
622,CHN,1996,438
623,CHN,1998,88
624,CHN,2000,414
625,CHN,2002,108
626,CHN,2004,518
627,CHN,2006,146
628,CHN,2008,730
629,CHN,2010,127
630,CHN,2012,479
631,CHN,2014,109
632,CHN,2016,499
633,CIV,1964,10
634,CIV,1968,11
635,CIV,1972,13
636,CIV,1976,11
637,CIV,1984,18
638,CIV,1988,29
639,CIV,1992,18
640,CIV,1996,13
641,CIV,2000,18
642,CIV,2004,5
643,CIV,2008,22
644,CIV,2012,10
645,CIV,2016,15
646,CMR,1964,2
647,CMR,1968,5
648,CMR,1972,18
649,CMR,1976,4
650,CMR,1980,29
651,CMR,1984,56
652,CMR,1988,21
653,CMR,1992,12
654,CMR,1996,19
655,CMR,2000,39
656,CMR,2002,2
657,CMR,2004,19
658,CMR,2008,32
659,CMR,2012,32
660,CMR,2016,22
661,COD,1968,8
662,COD,1984,9
663,COD,1988,21
664,COD,1992,19
665,COD,1996,14
666,COD,2000,3
667,COD,2004,6
668,COD,2008,5
669,COD,2012,4
670,COD,2016,4
671,COK,1988,8
672,COK,1992,2
673,COK,1996,3
674,COK,2000,2
675,COK,2004,3
676,COK,2008,4
677,COK,2012,9
678,COK,2016,9
679,COL,1900,1
680,COL,1932,2
681,COL,1936,6
682,COL,1948,11
683,COL,1956,47
684,COL,1960,23
685,COL,1964,40
686,COL,1968,70
687,COL,1972,75
688,COL,1976,44
689,COL,1980,28
690,COL,1984,48
691,COL,1988,57
692,COL,1992,61
693,COL,1996,62
694,COL,2000,54
695,COL,2004,71
696,COL,2008,90
697,COL,2010,2
698,COL,2012,120
699,COL,2016,157
700,COM,1996,4
701,COM,2000,2
702,COM,2004,3
703,COM,2008,3
704,COM,2012,3
705,COM,2016,4
706,CPV,1996,3
707,CPV,2000,2
708,CPV,2004,3
709,CPV,2008,2
710,CPV,2012,3
711,CPV,2016,5
712,CRC,1936,1
713,CRC,1964,2
714,CRC,1968,27
715,CRC,1972,4
716,CRC,1976,10
717,CRC,1980,40
718,CRC,1984,39
719,CRC,1988,38
720,CRC,1992,26
721,CRC,1996,13
722,CRC,2000,9
723,CRC,2002,2
724,CRC,2004,21
725,CRC,2006,1
726,CRC,2008,8
727,CRC,2012,11
728,CRC,2016,12
729,CRO,1992,54
730,CRO,1994,11
731,CRO,1996,117
732,CRO,1998,13
733,CRO,2000,108
734,CRO,2002,29
735,CRO,2004,100
736,CRO,2006,46
737,CRO,2008,125
738,CRO,2010,37
739,CRO,2012,118
740,CRO,2014,25
741,CRO,2016,93
742,CRT,1906,11
743,CUB,1900,2
744,CUB,1904,6
745,CUB,1924,13
746,CUB,1928,1
747,CUB,1932,3
748,CUB,1948,112
749,CUB,1952,57
750,CUB,1956,24
751,CUB,1960,21
752,CUB,1964,76
753,CUB,1968,227
754,CUB,1972,201
755,CUB,1976,194
756,CUB,1980,288
757,CUB,1992,196
758,CUB,1996,178
759,CUB,2000,271
760,CUB,2004,177
761,CUB,2008,171
762,CUB,2012,118
763,CUB,2016,143
764,CYP,1980,21
765,CYP,1984,22
766,CYP,1988,19
767,CYP,1992,30
768,CYP,1994,1
769,CYP,1996,24
770,CYP,1998,1
771,CYP,2000,24
772,CYP,2002,2
773,CYP,2004,21
774,CYP,2006,2
775,CYP,2008,18
776,CYP,2010,4
777,CYP,2012,13
778,CYP,2014,2
779,CYP,2016,21
780,CZE,1994,117
781,CZE,1996,169
782,CZE,1998,119
783,CZE,2000,162
784,CZE,2002,163
785,CZE,2004,171
786,CZE,2006,170
787,CZE,2008,158
788,CZE,2010,172
789,CZE,2012,159
790,CZE,2014,179
791,CZE,2016,135
792,DEN,1896,15
793,DEN,1900,36
794,DEN,1906,68
795,DEN,1908,107
796,DEN,1912,233
797,DEN,1920,246
798,DEN,1924,158
799,DEN,1928,122
800,DEN,1932,94
801,DEN,1936,173
802,DEN,1948,255
803,DEN,1952,202
804,DEN,1956,51
805,DEN,1960,112
806,DEN,1964,76
807,DEN,1968,99
808,DEN,1972,155
809,DEN,1976,81
810,DEN,1980,60
811,DEN,1984,74
812,DEN,1988,131
813,DEN,1992,157
814,DEN,1994,9
815,DEN,1996,145
816,DEN,1998,19
817,DEN,2000,124
818,DEN,2002,11
819,DEN,2004,115
820,DEN,2006,4
821,DEN,2008,108
822,DEN,2010,23
823,DEN,2012,149
824,DEN,2014,15
825,DEN,2016,143
826,DJI,1984,3
827,DJI,1988,6
828,DJI,1992,8
829,DJI,1996,5
830,DJI,2000,2
831,DJI,2008,2
832,DJI,2012,4
833,DJI,2016,8
834,DMA,1996,6
835,DMA,2000,4
836,DMA,2004,2
837,DMA,2008,2
838,DMA,2012,2
839,DMA,2014,1
840,DMA,2016,2
841,DOM,1964,1
842,DOM,1968,24
843,DOM,1972,5
844,DOM,1976,11
845,DOM,1980,7
846,DOM,1984,24
847,DOM,1988,18
848,DOM,1992,32
849,DOM,1996,16
850,DOM,2000,13
851,DOM,2004,33
852,DOM,2008,27
853,DOM,2012,36
854,DOM,2016,30
855,ECU,1924,4
856,ECU,1968,41
857,ECU,1972,4
858,ECU,1976,8
859,ECU,1980,16
860,ECU,1984,15
861,ECU,1988,15
862,ECU,1992,15
863,ECU,1996,28
864,ECU,2000,11
865,ECU,2004,18
866,ECU,2008,26
867,ECU,2012,36
868,ECU,2016,40
869,EGY,1906,5
870,EGY,1920,22
871,EGY,1924,30
872,EGY,1928,43
873,EGY,1936,66
874,EGY,1948,166
875,EGY,1952,196
876,EGY,1956,6
877,EGY,1964,83
878,EGY,1968,35
879,EGY,1972,26
880,EGY,1976,26
881,EGY,1984,151
882,EGY,1988,59
883,EGY,1992,83
884,EGY,1996,33
885,EGY,2000,103
886,EGY,2004,104
887,EGY,2008,116
888,EGY,2012,132
889,EGY,2016,137
890,ERI,2000,3
891,ERI,2004,5
892,ERI,2008,11
893,ERI,2012,12
894,ERI,2016,12
895,ESA,1932,4
896,ESA,1968,104
897,ESA,1972,18
898,ESA,1984,15
899,ESA,1988,7
900,ESA,1992,6
901,ESA,1996,10
902,ESA,2000,10
903,ESA,2004,9
904,ESA,2008,14
905,ESA,2012,11
906,ESA,2016,10
907,ESP,1900,12
908,ESP,1920,111
909,ESP,1924,151
910,ESP,1928,106
911,ESP,1932,8
912,ESP,1936,6
913,ESP,1948,96
914,ESP,1952,53
915,ESP,1956,30
916,ESP,1960,250
917,ESP,1964,79
918,ESP,1968,165
919,ESP,1972,169
920,ESP,1976,171
921,ESP,1980,226
922,ESP,1984,282
923,ESP,1988,346
924,ESP,1992,582
925,ESP,1994,33
926,ESP,1996,384
927,ESP,1998,24
928,ESP,2000,431
929,ESP,2002,16
930,ESP,2004,423
931,ESP,2006,28
932,ESP,2008,355
933,ESP,2010,35
934,ESP,2012,339
935,ESP,2014,39
936,ESP,2016,363
937,EST,1920,20
938,EST,1924,47
939,EST,1928,29
940,EST,1932,3
941,EST,1936,45
942,EST,1992,97
943,EST,1994,67
944,EST,1996,52
945,EST,1998,48
946,EST,2000,41
947,EST,2002,51
948,EST,2004,45
949,EST,2006,63
950,EST,2008,53
951,EST,2010,64
952,EST,2012,36
953,EST,2014,66
954,EST,2016,49
955,ETH,1956,30
956,ETH,1960,15
957,ETH,1964,19
958,ETH,1968,26
959,ETH,1972,40
960,ETH,1980,48
961,ETH,1992,24
962,ETH,1996,19
963,ETH,2000,27
964,ETH,2004,27
965,ETH,2006,1
966,ETH,2008,29
967,ETH,2010,1
968,ETH,2012,34
969,ETH,2016,38
970,EUN,1992,864
971,FIJ,1956,5
972,FIJ,1960,3
973,FIJ,1968,1
974,FIJ,1972,4
975,FIJ,1976,5
976,FIJ,1984,26
977,FIJ,1988,42
978,FIJ,1992,36
979,FIJ,1994,1
980,FIJ,1996,21
981,FIJ,2000,9
982,FIJ,2002,2
983,FIJ,2004,9
984,FIJ,2008,6
985,FIJ,2012,9
986,FIJ,2016,53
987,FIN,1906,18
988,FIN,1908,94
989,FIN,1912,233
990,FIN,1920,136
991,FIN,1924,286
992,FIN,1928,159
993,FIN,1932,78
994,FIN,1936,222
995,FIN,1948,260
996,FIN,1952,485
997,FIN,1956,199
998,FIN,1960,293
999,FIN,1964,238
1000,FIN,1968,221
1001,FIN,1972,216
1002,FIN,1976,187
1003,FIN,1980,210
1004,FIN,1984,187
1005,FIN,1988,193
1006,FIN,1992,244
1007,FIN,1994,112
1008,FIN,1996,105
1009,FIN,1998,132
1010,FIN,2000,88
1011,FIN,2002,165
1012,FIN,2004,67
1013,FIN,2006,140
1014,FIN,2008,70
1015,FIN,2010,146
1016,FIN,2012,69
1017,FIN,2014,147
1018,FIN,2016,67
1019,FRA,1896,26
1020,FRA,1900,1071
1021,FRA,1904,2
1022,FRA,1906,174
1023,FRA,1908,319
1024,FRA,1912,232
1025,FRA,1920,452
1026,FRA,1924,704
1027,FRA,1928,469
1028,FRA,1932,167
1029,FRA,1936,337
1030,FRA,1948,493
1031,FRA,1952,453
1032,FRA,1956,279
1033,FRA,1960,418
1034,FRA,1964,264
1035,FRA,1968,429
1036,FRA,1972,425
1037,FRA,1976,361
1038,FRA,1980,244
1039,FRA,1984,411
1040,FRA,1988,528
1041,FRA,1992,670
1042,FRA,1994,169
1043,FRA,1996,453
1044,FRA,1998,159
1045,FRA,2000,470
1046,FRA,2002,176
1047,FRA,2004,461
1048,FRA,2006,159
1049,FRA,2008,448
1050,FRA,2010,196
1051,FRA,2012,426
1052,FRA,2014,201
1053,FRA,2016,512
1054,FRG,1968,569
1055,FRG,1972,709
1056,FRG,1976,557
1057,FRG,1980,118
1058,FRG,1984,691
1059,FRG,1988,671
1060,FSM,2000,5
1061,FSM,2004,5
1062,FSM,2008,5
1063,FSM,2012,6
1064,FSM,2016,5
1065,GAB,1972,1
1066,GAB,1984,4
1067,GAB,1988,2
1068,GAB,1992,5
1069,GAB,1996,9
1070,GAB,2000,6
1071,GAB,2004,5
1072,GAB,2008,4
1073,GAB,2012,21
1074,GAB,2016,6
1075,GAM,1984,16
1076,GAM,1988,6
1077,GAM,1992,8
1078,GAM,1996,12
1079,GAM,2000,2
1080,GAM,2004,3
1081,GAM,2008,3
1082,GAM,2012,2
1083,GAM,2016,4
1084,GBR,1896,25
1085,GBR,1900,146
1086,GBR,1904,6
1087,GBR,1906,113
1088,GBR,1908,972
1089,GBR,1912,461
1090,GBR,1920,345
1091,GBR,1924,478
1092,GBR,1928,393
1093,GBR,1932,174
1094,GBR,1936,290
1095,GBR,1948,668
1096,GBR,1952,436
1097,GBR,1956,352
1098,GBR,1960,428
1099,GBR,1964,366
1100,GBR,1968,392
1101,GBR,1972,504
1102,GBR,1976,423
1103,GBR,1980,404
1104,GBR,1984,587
1105,GBR,1988,567
1106,GBR,1992,602
1107,GBR,1994,51
1108,GBR,1996,391
1109,GBR,1998,45
1110,GBR,2000,415
1111,GBR,2002,70
1112,GBR,2004,360
1113,GBR,2006,54
1114,GBR,2008,420
1115,GBR,2010,78
1116,GBR,2012,684
1117,GBR,2014,78
1118,GBR,2016,478
1119,GBS,1996,3
1120,GBS,2000,3
1121,GBS,2004,3
1122,GBS,2008,3
1123,GBS,2012,4
1124,GBS,2016,5
1125,GDR,1968,431
1126,GDR,1972,523
1127,GDR,1976,504
1128,GDR,1980,582
1129,GDR,1984,105
1130,GDR,1988,500
1131,GEO,1994,7
1132,GEO,1996,42
1133,GEO,1998,6
1134,GEO,2000,47
1135,GEO,2002,6
1136,GEO,2004,39
1137,GEO,2006,4
1138,GEO,2008,38
1139,GEO,2010,9
1140,GEO,2012,36
1141,GEO,2014,7
1142,GEO,2016,45
1143,GEQ,1984,5
1144,GEQ,1988,7
1145,GEQ,1992,8
1146,GEQ,1996,8
1147,GEQ,2000,4
1148,GEQ,2004,2
1149,GEQ,2008,3
1150,GEQ,2012,2
1151,GEQ,2016,1
1152,GER,1896,94
1153,GER,1900,103
1154,GER,1904,55
1155,GER,1906,157
1156,GER,1908,148
1157,GER,1912,312
1158,GER,1928,450
1159,GER,1932,225
1160,GER,1936,648
1161,GER,1952,442
1162,GER,1956,351
1163,GER,1960,535
1164,GER,1964,622
1165,GER,1992,846
1166,GER,1994,184
1167,GER,1996,626
1168,GER,1998,217
1169,GER,2000,567
1170,GER,2002,259
1171,GER,2004,592
1172,GER,2006,263
1173,GER,2008,558
1174,GER,2010,259
1175,GER,2012,510
1176,GER,2014,271
1177,GER,2016,536
1178,GHA,1952,9
1179,GHA,1960,15
1180,GHA,1964,40
1181,GHA,1968,36
1182,GHA,1972,41
1183,GHA,1984,27
1184,GHA,1988,21
1185,GHA,1992,41
1186,GHA,1996,40
1187,GHA,2000,28
1188,GHA,2004,29
1189,GHA,2008,9
1190,GHA,2010,1
1191,GHA,2012,7
1192,GHA,2016,15
1193,GRE,1896,148
1194,GRE,1900,4
1195,GRE,1904,17
1196,GRE,1906,484
1197,GRE,1908,49
1198,GRE,1912,77
1199,GRE,1920,98
1200,GRE,1924,79
1201,GRE,1928,47
1202,GRE,1932,16
1203,GRE,1936,66
1204,GRE,1948,99
1205,GRE,1952,60
1206,GRE,1956,22
1207,GRE,1960,59
1208,GRE,1964,26
1209,GRE,1968,52
1210,GRE,1972,72
1211,GRE,1976,50
1212,GRE,1980,51
1213,GRE,1984,86
1214,GRE,1988,87
1215,GRE,1992,102
1216,GRE,1994,15
1217,GRE,1996,180
1218,GRE,1998,16
1219,GRE,2000,175
1220,GRE,2002,17
1221,GRE,2004,499
1222,GRE,2006,8
1223,GRE,2008,176
1224,GRE,2010,12
1225,GRE,2012,115
1226,GRE,2014,13
1227,GRE,2016,104
1228,GRN,1984,6
1229,GRN,1988,7
1230,GRN,1992,5
1231,GRN,1996,5
1232,GRN,2000,3
1233,GRN,2004,5
1234,GRN,2008,9
1235,GRN,2012,8
1236,GRN,2016,6
1237,GUA,1932,1
1238,GUA,1952,35
1239,GUA,1968,67
1240,GUA,1972,11
1241,GUA,1976,28
1242,GUA,1980,10
1243,GUA,1984,53
1244,GUA,1988,52
1245,GUA,1992,41
1246,GUA,1996,28
1247,GUA,2000,18
1248,GUA,2004,19
1249,GUA,2008,13
1250,GUA,2012,24
1251,GUA,2016,25
1252,GUI,1968,15
1253,GUI,1980,10
1254,GUI,1984,1
1255,GUI,1988,7
1256,GUI,1992,11
1257,GUI,1996,5
1258,GUI,2000,6
1259,GUI,2004,4
1260,GUI,2008,5
1261,GUI,2012,4
1262,GUI,2016,5
1263,GUM,1988,27
1264,GUM,1992,45
1265,GUM,1996,9
1266,GUM,2000,7
1267,GUM,2004,4
1268,GUM,2008,7
1269,GUM,2012,8
1270,GUM,2016,5
1271,GUY,1948,7
1272,GUY,1952,1
1273,GUY,1956,6
1274,GUY,1960,6
1275,GUY,1964,1
1276,GUY,1968,6
1277,GUY,1972,4
1278,GUY,1980,10
1279,GUY,1984,12
1280,GUY,1988,8
1281,GUY,1992,7
1282,GUY,1996,9
1283,GUY,2000,4
1284,GUY,2004,4
1285,GUY,2008,4
1286,GUY,2012,6
1287,GUY,2016,7
1288,HAI,1900,4
1289,HAI,1924,16
1290,HAI,1928,3
1291,HAI,1932,3
1292,HAI,1960,1
1293,HAI,1972,7
1294,HAI,1976,14
1295,HAI,1984,3
1296,HAI,1988,5
1297,HAI,1992,8
1298,HAI,1996,7
1299,HAI,2000,5
1300,HAI,2004,8
1301,HAI,2008,7
1302,HAI,2012,5
1303,HAI,2016,10
1304,HKG,1952,9
1305,HKG,1956,4
1306,HKG,1960,4
1307,HKG,1964,50
1308,HKG,1968,25
1309,HKG,1972,18
1310,HKG,1976,50
1311,HKG,1984,87
1312,HKG,1988,91
1313,HKG,1992,66
1314,HKG,1996,32
1315,HKG,2000,46
1316,HKG,2002,5
1317,HKG,2004,42
1318,HKG,2006,3
1319,HKG,2008,47
1320,HKG,2010,3
1321,HKG,2012,55
1322,HKG,2014,1
1323,HKG,2016,47
1324,HON,1968,6
1325,HON,1976,3
1326,HON,1984,26
1327,HON,1988,18
1328,HON,1992,30
1329,HON,1996,7
1330,HON,2000,20
1331,HON,2004,5
1332,HON,2008,26
1333,HON,2012,25
1334,HON,2016,23
1335,HUN,1896,18
1336,HUN,1900,34
1337,HUN,1904,9
1338,HUN,1906,99
1339,HUN,1908,107
1340,HUN,1912,207
1341,HUN,1924,146
1342,HUN,1928,235
1343,HUN,1932,122
1344,HUN,1936,364
1345,HUN,1948,265
1346,HUN,1952,366
1347,HUN,1956,199
1348,HUN,1960,316
1349,HUN,1964,361
1350,HUN,1968,324
1351,HUN,1972,368
1352,HUN,1976,291
1353,HUN,1980,394
1354,HUN,1984,16
1355,HUN,1988,322
1356,HUN,1992,413
1357,HUN,1994,28
1358,HUN,1996,315
1359,HUN,1998,24
1360,HUN,2000,238
1361,HUN,2002,46
1362,HUN,2004,258
1363,HUN,2006,32
1364,HUN,2008,216
1365,HUN,2010,32
1366,HUN,2012,201
1367,HUN,2014,37
1368,HUN,2016,204
1369,INA,1952,3
1370,INA,1956,24
1371,INA,1960,27
1372,INA,1968,6
1373,INA,1972,7
1374,INA,1976,11
1375,INA,1984,23
1376,INA,1988,43
1377,INA,1992,51
1378,INA,1996,45
1379,INA,2000,54
1380,INA,2004,39
1381,INA,2008,26
1382,INA,2012,22
1383,INA,2016,31
1384,IND,1900,5
1385,IND,1920,7
1386,IND,1924,31
1387,IND,1928,24
1388,IND,1932,26
1389,IND,1936,30
1390,IND,1948,89
1391,IND,1952,94
1392,IND,1956,79
1393,IND,1960,49
1394,IND,1964,112
1395,IND,1968,30
1396,IND,1972,43
1397,IND,1976,26
1398,IND,1980,78
1399,IND,1984,53
1400,IND,1988,58
1401,IND,1992,65
1402,IND,1996,54
1403,IND,1998,1
1404,IND,2000,70
1405,IND,2002,1
1406,IND,2004,81
1407,IND,2006,5
1408,IND,2008,67
1409,IND,2010,3
1410,IND,2012,95
1411,IND,2014,2
1412,IND,2016,130
1413,IOA,1992,76
1414,IOA,2000,4
1415,IOA,2012,4
1416,IOA,2014,1
1417,IOA,2016,9
1418,IRI,1900,1
1419,IRI,1948,39
1420,IRI,1952,23
1421,IRI,1956,26
1422,IRI,1960,24
1423,IRI,1964,108
1424,IRI,1968,26
1425,IRI,1972,68
1426,IRI,1976,116
1427,IRI,1988,26
1428,IRI,1992,44
1429,IRI,1996,18
1430,IRI,1998,1
1431,IRI,2000,34
1432,IRI,2002,2
1433,IRI,2004,37
1434,IRI,2006,3
1435,IRI,2008,55
1436,IRI,2010,7
1437,IRI,2012,57
1438,IRI,2014,7
1439,IRI,2016,67
1440,IRL,1924,60
1441,IRL,1928,44
1442,IRL,1932,18
1443,IRL,1948,83
1444,IRL,1952,25
1445,IRL,1956,25
1446,IRL,1960,63
1447,IRL,1964,35
1448,IRL,1968,57
1449,IRL,1972,84
1450,IRL,1976,59
1451,IRL,1980,57
1452,IRL,1984,55
1453,IRL,1988,78
1454,IRL,1992,81
1455,IRL,1996,99
1456,IRL,1998,10
1457,IRL,2000,76
1458,IRL,2002,9
1459,IRL,2004,55
1460,IRL,2006,5
1461,IRL,2008,63
1462,IRL,2010,7
1463,IRL,2012,76
1464,IRL,2014,8
1465,IRL,2016,93
1466,IRQ,1948,13
1467,IRQ,1960,28
1468,IRQ,1964,19
1469,IRQ,1968,4
1470,IRQ,1980,44
1471,IRQ,1984,25
1472,IRQ,1988,28
1473,IRQ,1992,8
1474,IRQ,1996,3
1475,IRQ,2000,4
1476,IRQ,2004,24
1477,IRQ,2008,4
1478,IRQ,2012,8
1479,IRQ,2016,20
1480,ISL,1908,1
1481,ISL,1912,2
1482,ISL,1936,13
1483,ISL,1948,35
1484,ISL,1952,42
1485,ISL,1956,16
1486,ISL,1960,21
1487,ISL,1964,15
1488,ISL,1968,24
1489,ISL,1972,30
1490,ISL,1976,38
1491,ISL,1980,24
1492,ISL,1984,45
1493,ISL,1988,48
1494,ISL,1992,46
1495,ISL,1994,14
1496,ISL,1996,15
1497,ISL,1998,12
1498,ISL,2000,29
1499,ISL,2002,12
1500,ISL,2004,34
1501,ISL,2006,12
1502,ISL,2008,31
1503,ISL,2010,7
1504,ISL,2012,36
1505,ISL,2014,11
1506,ISL,2016,14
1507,ISR,1952,31
1508,ISR,1956,3
1509,ISR,1960,46
1510,ISR,1964,13
1511,ISR,1968,39
1512,ISR,1972,17
1513,ISR,1976,34
1514,ISR,1984,65
1515,ISR,1988,29
1516,ISR,1992,44
1517,ISR,1994,1
1518,ISR,1996,38
1519,ISR,1998,3
1520,ISR,2000,58
1521,ISR,2002,7
1522,ISR,2004,46
1523,ISR,2006,6
1524,ISR,2008,60
1525,ISR,2010,4
1526,ISR,2012,56
1527,ISR,2014,6
1528,ISR,2016,59
1529,ISV,1968,6
1530,ISV,1972,16
1531,ISV,1976,26
1532,ISV,1984,52
1533,ISV,1988,53
1534,ISV,1992,53
1535,ISV,1994,10
1536,ISV,1996,14
1537,ISV,1998,9
1538,ISV,2000,12
1539,ISV,2002,8
1540,ISV,2004,9
1541,ISV,2008,8
1542,ISV,2012,9
1543,ISV,2014,2
1544,ISV,2016,7
1545,ITA,1896,1
1546,ITA,1900,36
1547,ITA,1904,1
1548,ITA,1906,103
1549,ITA,1908,97
1550,ITA,1912,96
1551,ITA,1920,291
1552,ITA,1924,357
1553,ITA,1928,289
1554,ITA,1932,174
1555,ITA,1936,397
1556,ITA,1948,391
1557,ITA,1952,428
1558,ITA,1956,300
1559,ITA,1960,460
1560,ITA,1964,349
1561,ITA,1968,347
1562,ITA,1972,414
1563,ITA,1976,406
1564,ITA,1980,277
1565,ITA,1984,485
1566,ITA,1988,479
1567,ITA,1992,611
1568,ITA,1994,193
1569,ITA,1996,460
1570,ITA,1998,179
1571,ITA,2000,457
1572,ITA,2002,198
1573,ITA,2004,474
1574,ITA,2006,290
1575,ITA,2008,459
1576,ITA,2010,208
1577,ITA,2012,382
1578,ITA,2014,227
1579,ITA,2016,399
1580,IVB,1984,15
1581,IVB,1988,4
1582,IVB,1992,4
1583,IVB,1996,11
1584,IVB,2000,1
1585,IVB,2004,1
1586,IVB,2008,2
1587,IVB,2012,2
1588,IVB,2014,1
1589,IVB,2016,4
1590,JAM,1948,26
1591,JAM,1952,16
1592,JAM,1956,13
1593,JAM,1964,32
1594,JAM,1968,35
1595,JAM,1972,51
1596,JAM,1976,36
1597,JAM,1980,32
1598,JAM,1984,75
1599,JAM,1988,55
1600,JAM,1992,59
1601,JAM,1994,6
1602,JAM,1996,69
1603,JAM,1998,6
1604,JAM,2000,65
1605,JAM,2002,2
1606,JAM,2004,62
1607,JAM,2008,66
1608,JAM,2010,1
1609,JAM,2012,62
1610,JAM,2014,2
1611,JAM,2016,77
1612,JOR,1980,6
1613,JOR,1984,15
1614,JOR,1988,9
1615,JOR,1992,5
1616,JOR,1996,5
1617,JOR,2000,8
1618,JOR,2004,8
1619,JOR,2008,7
1620,JOR,2012,9
1621,JOR,2016,8
1622,JPN,1912,4
1623,JPN,1920,26
1624,JPN,1924,37
1625,JPN,1928,66
1626,JPN,1932,236
1627,JPN,1936,374
1628,JPN,1952,158
1629,JPN,1956,248
1630,JPN,1960,351
1631,JPN,1964,541
1632,JPN,1968,384
1633,JPN,1972,427
1634,JPN,1976,415
1635,JPN,1980,80
1636,JPN,1984,440
1637,JPN,1988,525
1638,JPN,1992,528
1639,JPN,1994,125
1640,JPN,1996,448
1641,JPN,1998,245
1642,JPN,2000,363
1643,JPN,2002,203
1644,JPN,2004,414
1645,JPN,2006,190
1646,JPN,2008,457
1647,JPN,2010,153
1648,JPN,2012,399
1649,JPN,2014,171
1650,JPN,2016,436
1651,KAZ,1994,71
1652,KAZ,1996,142
1653,KAZ,1998,114
1654,KAZ,2000,158
1655,KAZ,2002,101
1656,KAZ,2004,130
1657,KAZ,2006,97
1658,KAZ,2008,146
1659,KAZ,2010,100
1660,KAZ,2012,132
1661,KAZ,2014,115
1662,KAZ,2016,123
1663,KEN,1956,31
1664,KEN,1960,30
1665,KEN,1964,41
1666,KEN,1968,50
1667,KEN,1972,69
1668,KEN,1984,67
1669,KEN,1988,88
1670,KEN,1992,55
1671,KEN,1996,54
1672,KEN,1998,1
1673,KEN,2000,59
1674,KEN,2002,2
1675,KEN,2004,46
1676,KEN,2006,1
1677,KEN,2008,47
1678,KEN,2012,51
1679,KEN,2016,80
1680,KGZ,1994,2
1681,KGZ,1996,53
1682,KGZ,1998,2
1683,KGZ,2000,71
1684,KGZ,2002,4
1685,KGZ,2004,32
1686,KGZ,2006,2
1687,KGZ,2008,22
1688,KGZ,2010,3
1689,KGZ,2012,15
1690,KGZ,2014,2
1691,KGZ,2016,19
1692,KIR,2004,3
1693,KIR,2008,2
1694,KIR,2012,3
1695,KIR,2016,3
1696,KOR,1948,55
1697,KOR,1952,22
1698,KOR,1956,46
1699,KOR,1960,69
1700,KOR,1964,256
1701,KOR,1968,80
1702,KOR,1972,54
1703,KOR,1976,60
1704,KOR,1980,24
1705,KOR,1984,278
1706,KOR,1988,607
1707,KOR,1992,379
1708,KOR,1994,45
1709,KOR,1996,417
1710,KOR,1998,79
1711,KOR,2000,359
1712,KOR,2002,87
1713,KOR,2004,344
1714,KOR,2006,85
1715,KOR,2008,329
1716,KOR,2010,84
1717,KOR,2012,312
1718,KOR,2014,130
1719,KOR,2016,263
1720,KOS,2016,8
1721,KSA,1972,14
1722,KSA,1976,19
1723,KSA,1984,42
1724,KSA,1988,13
1725,KSA,1992,17
1726,KSA,1996,34
1727,KSA,2000,23
1728,KSA,2004,16
1729,KSA,2008,18
1730,KSA,2012,23
1731,KSA,2016,11
1732,KUW,1968,2
1733,KUW,1972,4
1734,KUW,1976,21
1735,KUW,1980,67
1736,KUW,1984,31
1737,KUW,1988,34
1738,KUW,1992,37
1739,KUW,1996,27
1740,KUW,2000,30
1741,KUW,2004,11
1742,KUW,2008,8
1743,KUW,2012,12
1744,LAO,1980,19
1745,LAO,1988,3
1746,LAO,1992,7
1747,LAO,1996,5
1748,LAO,2000,3
1749,LAO,2004,5
1750,LAO,2008,4
1751,LAO,2012,3
1752,LAO,2016,5
1753,LAT,1924,54
1754,LAT,1928,27
1755,LAT,1932,13
1756,LAT,1936,69
1757,LAT,1992,78
1758,LAT,1994,42
1759,LAT,1996,55
1760,LAT,1998,49
1761,LAT,2000,60
1762,LAT,2002,68
1763,LAT,2004,45
1764,LAT,2006,92
1765,LAT,2008,53
1766,LAT,2010,81
1767,LAT,2012,50
1768,LAT,2014,82
1769,LAT,2016,33
1770,LBA,1968,1
1771,LBA,1980,38
1772,LBA,1988,7
1773,LBA,1992,5
1774,LBA,1996,5
1775,LBA,2000,3
1776,LBA,2004,8
1777,LBA,2008,6
1778,LBA,2012,4
1779,LBA,2016,7
1780,LBR,1956,11
1781,LBR,1960,6
1782,LBR,1964,2
1783,LBR,1972,5
1784,LBR,1984,10
1785,LBR,1988,11
1786,LBR,1996,7
1787,LBR,2000,10
1788,LBR,2004,2
1789,LBR,2008,4
1790,LBR,2012,3
1791,LBR,2016,3
1792,LCA,1996,8
1793,LCA,2000,5
1794,LCA,2004,2
1795,LCA,2008,4
1796,LCA,2012,4
1797,LCA,2016,5
1798,LES,1972,2
1799,LES,1980,7
1800,LES,1984,5
1801,LES,1988,6
1802,LES,1992,8
1803,LES,1996,11
1804,LES,2000,6
1805,LES,2004,3
1806,LES,2008,5
1807,LES,2012,4
1808,LES,2016,9
1809,LIB,1948,12
1810,LIB,1952,12
1811,LIB,1956,8
1812,LIB,1960,27
1813,LIB,1964,20
1814,LIB,1968,21
1815,LIB,1972,38
1816,LIB,1976,5
1817,LIB,1980,26
1818,LIB,1984,38
1819,LIB,1988,40
1820,LIB,1992,26
1821,LIB,1996,1
1822,LIB,2000,6
1823,LIB,2002,3
1824,LIB,2004,5
1825,LIB,2006,7
1826,LIB,2008,6
1827,LIB,2010,6
1828,LIB,2012,10
1829,LIB,2014,3
1830,LIB,2016,9
1831,LIE,1936,12
1832,LIE,1948,18
1833,LIE,1952,2
1834,LIE,1956,14
1835,LIE,1960,17
1836,LIE,1964,15
1837,LIE,1968,20
1838,LIE,1972,22
1839,LIE,1976,29
1840,LIE,1980,17
1841,LIE,1984,27
1842,LIE,1988,52
1843,LIE,1992,26
1844,LIE,1994,25
1845,LIE,1996,2
1846,LIE,1998,19
1847,LIE,2000,2
1848,LIE,2002,18
1849,LIE,2004,1
1850,LIE,2006,12
1851,LIE,2008,2
1852,LIE,2010,5
1853,LIE,2012,4
1854,LIE,2014,5
1855,LIE,2016,3
1856,LTU,1924,13
1857,LTU,1928,17
1858,LTU,1992,67
1859,LTU,1994,13
1860,LTU,1996,81
1861,LTU,1998,18
1862,LTU,2000,77
1863,LTU,2002,21
1864,LTU,2004,70
1865,LTU,2006,14
1866,LTU,2008,78
1867,LTU,2010,13
1868,LTU,2012,72
1869,LTU,2014,20
1870,LTU,2016,80
1871,LUX,1900,1
1872,LUX,1912,44
1873,LUX,1920,35
1874,LUX,1924,122
1875,LUX,1928,112
1876,LUX,1932,11
1877,LUX,1936,134
1878,LUX,1948,115
1879,LUX,1952,101
1880,LUX,1956,27
1881,LUX,1960,117
1882,LUX,1964,27
1883,LUX,1968,7
1884,LUX,1972,15
1885,LUX,1976,9
1886,LUX,1980,4
1887,LUX,1984,5
1888,LUX,1988,14
1889,LUX,1992,13
1890,LUX,1994,5
1891,LUX,1996,7
1892,LUX,1998,1
1893,LUX,2000,9
1894,LUX,2004,14
1895,LUX,2006,1
1896,LUX,2008,19
1897,LUX,2012,11
1898,LUX,2014,1
1899,LUX,2016,15
1900,MAD,1964,4
1901,MAD,1968,6
1902,MAD,1972,13
1903,MAD,1980,18
1904,MAD,1984,5
1905,MAD,1992,17
1906,MAD,1996,14
1907,MAD,2000,13
1908,MAD,2004,8
1909,MAD,2006,2
1910,MAD,2008,6
1911,MAD,2012,7
1912,MAD,2016,6
1913,MAL,1956,34
1914,MAL,1960,11
1915,MAR,1960,111
1916,MAR,1964,21
1917,MAR,1968,33
1918,MAR,1972,39
1919,MAR,1976,9
1920,MAR,1984,42
1921,MAR,1988,35
1922,MAR,1992,68
1923,MAR,1996,38
1924,MAR,2000,55
1925,MAR,2004,57
1926,MAR,2008,49
1927,MAR,2010,2
1928,MAR,2012,67
1929,MAR,2014,4
1930,MAR,2016,52
1931,MAS,1964,81
1932,MAS,1968,35
1933,MAS,1972,57
1934,MAS,1976,25
1935,MAS,1984,27
1936,MAS,1988,17
1937,MAS,1992,30
1938,MAS,1996,43
1939,MAS,2000,55
1940,MAS,2004,38
1941,MAS,2008,42
1942,MAS,2012,38
1943,MAS,2016,42
1944,MAW,1972,18
1945,MAW,1984,23
1946,MAW,1988,22
1947,MAW,1992,4
1948,MAW,1996,2
1949,MAW,2000,2
1950,MAW,2004,4
1951,MAW,2008,4
1952,MAW,2012,3
1953,MAW,2016,5
1954,MDA,1994,4
1955,MDA,1996,50
1956,MDA,1998,4
1957,MDA,2000,35
1958,MDA,2002,9
1959,MDA,2004,33
1960,MDA,2006,10
1961,MDA,2008,30
1962,MDA,2010,11
1963,MDA,2012,20
1964,MDA,2014,5
1965,MDA,2016,23
1966,MDV,1988,9
1967,MDV,1992,10
1968,MDV,1996,9
1969,MDV,2000,4
1970,MDV,2004,4
1971,MDV,2008,4
1972,MDV,2012,5
1973,MDV,2016,4
1974,MEX,1900,3
1975,MEX,1924,28
1976,MEX,1928,60
1977,MEX,1932,100
1978,MEX,1936,32
1979,MEX,1948,149
1980,MEX,1952,85
1981,MEX,1956,36
1982,MEX,1960,110
1983,MEX,1964,128
1984,MEX,1968,446
1985,MEX,1972,281
1986,MEX,1976,137
1987,MEX,1980,74
1988,MEX,1984,158
1989,MEX,1988,165
1990,MEX,1992,174
1991,MEX,1994,1
1992,MEX,1996,111
1993,MEX,2000,98
1994,MEX,2002,3
1995,MEX,2004,137
1996,MEX,2008,103
1997,MEX,2010,2
1998,MEX,2012,119
1999,MEX,2014,1
2000,MEX,2016,139
2001,MGL,1964,62
2002,MGL,1968,48
2003,MGL,1972,52
2004,MGL,1976,33
2005,MGL,1980,67
2006,MGL,1984,12
2007,MGL,1988,41
2008,MGL,1992,49
2009,MGL,1994,2
2010,MGL,1996,18
2011,MGL,1998,3
2012,MGL,2000,23
2013,MGL,2002,4
2014,MGL,2004,21
2015,MGL,2006,2
2016,MGL,2008,31
2017,MGL,2010,2
2018,MGL,2012,32
2019,MGL,2014,2
2020,MGL,2016,46
2021,MHL,2008,5
2022,MHL,2012,4
2023,MHL,2016,5
2024,MKD,1996,16
2025,MKD,1998,3
2026,MKD,2000,15
2027,MKD,2002,4
2028,MKD,2004,14
2029,MKD,2006,5
2030,MKD,2008,7
2031,MKD,2010,4
2032,MKD,2012,4
2033,MKD,2014,6
2034,MKD,2016,6
2035,MLI,1964,2
2036,MLI,1968,2
2037,MLI,1972,3
2038,MLI,1980,7
2039,MLI,1984,5
2040,MLI,1988,8
2041,MLI,1992,6
2042,MLI,1996,4
2043,MLI,2000,5
2044,MLI,2004,21
2045,MLI,2008,17
2046,MLI,2012,6
2047,MLI,2016,6
2048,MLT,1928,9
2049,MLT,1936,11
2050,MLT,1948,1
2051,MLT,1960,13
2052,MLT,1968,1
2053,MLT,1972,5
2054,MLT,1980,12
2055,MLT,1984,7
2056,MLT,1988,6
2057,MLT,1992,8
2058,MLT,1996,10
2059,MLT,2000,7
2060,MLT,2004,7
2061,MLT,2008,6
2062,MLT,2012,5
2063,MLT,2014,2
2064,MLT,2016,8
2065,MNE,2008,20
2066,MNE,2010,2
2067,MNE,2012,34
2068,MNE,2014,3
2069,MNE,2016,35
2070,MON,1920,7
2071,MON,1924,9
2072,MON,1928,12
2073,MON,1932,1
2074,MON,1936,11
2075,MON,1948,4
2076,MON,1952,10
2077,MON,1960,13
2078,MON,1964,1
2079,MON,1968,2
2080,MON,1972,5
2081,MON,1976,10
2082,MON,1984,10
2083,MON,1988,13
2084,MON,1992,12
2085,MON,1994,7
2086,MON,1996,4
2087,MON,1998,6
2088,MON,2000,4
2089,MON,2002,7
2090,MON,2004,3
2091,MON,2006,10
2092,MON,2008,5
2093,MON,2010,6
2094,MON,2012,6
2095,MON,2014,11
2096,MON,2016,8
2097,MOZ,1980,16
2098,MOZ,1984,14
2099,MOZ,1988,12
2100,MOZ,1992,7
2101,MOZ,1996,3
2102,MOZ,2000,4
2103,MOZ,2004,4
2104,MOZ,2008,4
2105,MOZ,2012,6
2106,MOZ,2016,8
2107,MRI,1984,7
2108,MRI,1988,11
2109,MRI,1992,22
2110,MRI,1996,36
2111,MRI,2000,26
2112,MRI,2004,9
2113,MRI,2008,11
2114,MRI,2012,11
2115,MRI,2016,11
2116,MTN,1984,2
2117,MTN,1988,7
2118,MTN,1992,6
2119,MTN,1996,4
2120,MTN,2000,2
2121,MTN,2004,2
2122,MTN,2008,2
2123,MTN,2012,2
2124,MTN,2016,2
2125,MYA,1948,5
2126,MYA,1952,5
2127,MYA,1956,12
2128,MYA,1960,10
2129,MYA,1964,12
2130,MYA,1968,4
2131,MYA,1972,19
2132,MYA,1980,2
2133,MYA,1984,1
2134,MYA,1988,3
2135,MYA,1992,5
2136,MYA,1996,3
2137,MYA,2000,7
2138,MYA,2004,2
2139,MYA,2008,7
2140,MYA,2012,6
2141,MYA,2016,8
2142,NAM,1992,10
2143,NAM,1996,10
2144,NAM,2000,16
2145,NAM,2004,10
2146,NAM,2008,11
2147,NAM,2012,9
2148,NAM,2016,11
2149,NBO,1956,2
2150,NCA,1968,16
2151,NCA,1972,10
2152,NCA,1976,25
2153,NCA,1980,6
2154,NCA,1984,5
2155,NCA,1992,9
2156,NCA,1996,28
2157,NCA,2000,6
2158,NCA,2004,6
2159,NCA,2008,7
2160,NCA,2012,6
2161,NCA,2016,5
2162,NED,1900,73
2163,NED,1906,49
2164,NED,1908,218
2165,NED,1912,45
2166,NED,1920,213
2167,NED,1924,246
2168,NED,1928,395
2169,NED,1932,80
2170,NED,1936,246
2171,NED,1948,202
2172,NED,1952,203
2173,NED,1956,17
2174,NED,1960,173
2175,NED,1964,170
2176,NED,1968,166
2177,NED,1972,225
2178,NED,1976,198
2179,NED,1980,159
2180,NED,1984,214
2181,NED,1988,227
2182,NED,1992,297
2183,NED,1994,43
2184,NED,1996,290
2185,NED,1998,48
2186,NED,2000,285
2187,NED,2002,49
2188,NED,2004,264
2189,NED,2006,63
2190,NED,2008,283
2191,NED,2010,65
2192,NED,2012,222
2193,NED,2014,82
2194,NED,2016,329
2195,NEP,1924,1
2196,NEP,1964,6
2197,NEP,1972,2
2198,NEP,1976,1
2199,NEP,1980,10
2200,NEP,1984,10
2201,NEP,1988,20
2202,NEP,1992,2
2203,NEP,1996,6
2204,NEP,2000,5
2205,NEP,2002,2
2206,NEP,2004,6
2207,NEP,2006,1
2208,NEP,2008,8
2209,NEP,2010,1
2210,NEP,2012,5
2211,NEP,2014,1
2212,NEP,2016,7
2213,NFL,1904,1
2214,NGR,1952,15
2215,NGR,1956,14
2216,NGR,1960,15
2217,NGR,1964,19
2218,NGR,1968,46
2219,NGR,1972,36
2220,NGR,1980,56
2221,NGR,1984,36
2222,NGR,1988,86
2223,NGR,1992,72
2224,NGR,1996,84
2225,NGR,2000,100
2226,NGR,2004,79
2227,NGR,2008,89
2228,NGR,2012,58
2229,NGR,2016,77
2230,NIG,1964,1
2231,NIG,1968,2
2232,NIG,1972,4
2233,NIG,1984,4
2234,NIG,1988,6
2235,NIG,1992,3
2236,NIG,1996,3
2237,NIG,2000,4
2238,NIG,2004,4
2239,NIG,2008,4
2240,NIG,2012,6
2241,NIG,2016,6
2242,NOR,1900,29
2243,NOR,1904,6
2244,NOR,1906,55
2245,NOR,1908,103
2246,NOR,1912,263
2247,NOR,1920,267
2248,NOR,1924,141
2249,NOR,1928,113
2250,NOR,1932,41
2251,NOR,1936,131
2252,NOR,1948,172
2253,NOR,1952,291
2254,NOR,1956,106
2255,NOR,1960,105
2256,NOR,1964,133
2257,NOR,1968,193
2258,NOR,1972,275
2259,NOR,1976,160
2260,NOR,1980,100
2261,NOR,1984,229
2262,NOR,1988,194
2263,NOR,1992,270
2264,NOR,1994,159
2265,NOR,1996,116
2266,NOR,1998,149
2267,NOR,2000,115
2268,NOR,2002,166
2269,NOR,2004,60
2270,NOR,2006,161
2271,NOR,2008,102
2272,NOR,2010,190
2273,NOR,2012,69
2274,NOR,2014,219
2275,NOR,2016,77
2276,NRU,1996,3
2277,NRU,2000,2
2278,NRU,2004,3
2279,NRU,2008,1
2280,NRU,2012,2
2281,NRU,2016,2
2282,NZL,1900,1
2283,NZL,1920,6
2284,NZL,1924,6
2285,NZL,1928,13
2286,NZL,1932,29
2287,NZL,1936,9
2288,NZL,1948,8
2289,NZL,1952,26
2290,NZL,1956,57
2291,NZL,1960,59
2292,NZL,1964,88
2293,NZL,1968,80
2294,NZL,1972,118
2295,NZL,1976,111
2296,NZL,1980,18
2297,NZL,1984,171
2298,NZL,1988,131
2299,NZL,1992,185
2300,NZL,1994,16
2301,NZL,1996,129
2302,NZL,1998,9
2303,NZL,2000,177
2304,NZL,2002,16
2305,NZL,2004,184
2306,NZL,2006,18
2307,NZL,2008,201
2308,NZL,2010,22
2309,NZL,2012,204
2310,NZL,2014,18
2311,NZL,2016,232
2312,OMA,1984,22
2313,OMA,1988,13
2314,OMA,1992,5
2315,OMA,1996,5
2316,OMA,2000,8
2317,OMA,2004,2
2318,OMA,2008,4
2319,OMA,2012,3
2320,OMA,2016,4
2321,PAK,1948,44
2322,PAK,1952,51
2323,PAK,1956,79
2324,PAK,1960,53
2325,PAK,1964,47
2326,PAK,1968,15
2327,PAK,1972,26
2328,PAK,1976,24
2329,PAK,1984,33
2330,PAK,1988,33
2331,PAK,1992,28
2332,PAK,1996,24
2333,PAK,2000,27
2334,PAK,2004,26
2335,PAK,2008,22
2336,PAK,2010,1
2337,PAK,2012,21
2338,PAK,2014,1
2339,PAK,2016,7
2340,PAN,1928,2
2341,PAN,1948,2
2342,PAN,1952,1
2343,PAN,1960,8
2344,PAN,1964,15
2345,PAN,1968,16
2346,PAN,1972,8
2347,PAN,1976,13
2348,PAN,1984,10
2349,PAN,1988,9
2350,PAN,1992,7
2351,PAN,1996,9
2352,PAN,2000,7
2353,PAN,2004,5
2354,PAN,2008,5
2355,PAN,2012,8
2356,PAN,2016,14
2357,PAR,1968,1
2358,PAR,1972,3
2359,PAR,1976,6
2360,PAR,1984,18
2361,PAR,1988,13
2362,PAR,1992,31
2363,PAR,1996,7
2364,PAR,2000,5
2365,PAR,2004,22
2366,PAR,2008,7
2367,PAR,2012,10
2368,PAR,2014,1
2369,PAR,2016,11
2370,PER,1900,2
2371,PER,1932,3
2372,PER,1936,46
2373,PER,1948,49
2374,PER,1956,10
2375,PER,1960,33
2376,PER,1964,40
2377,PER,1968,33
2378,PER,1972,31
2379,PER,1976,14
2380,PER,1980,38
2381,PER,1984,44
2382,PER,1988,26
2383,PER,1992,21
2384,PER,1996,33
2385,PER,2000,22
2386,PER,2004,14
2387,PER,2008,13
2388,PER,2010,5
2389,PER,2012,16
2390,PER,2014,5
2391,PER,2016,34
2392,PHI,1924,2
2393,PHI,1928,6
2394,PHI,1932,8
2395,PHI,1936,40
2396,PHI,1948,31
2397,PHI,1952,28
2398,PHI,1956,48
2399,PHI,1960,49
2400,PHI,1964,70
2401,PHI,1968,89
2402,PHI,1972,83
2403,PHI,1976,22
2404,PHI,1984,32
2405,PHI,1988,43
2406,PHI,1992,40
2407,PHI,1996,18
2408,PHI,2000,22
2409,PHI,2004,21
2410,PHI,2008,17
2411,PHI,2012,11
2412,PHI,2014,1
2413,PHI,2016,13
2414,PLE,1996,1
2415,PLE,2000,2
2416,PLE,2004,3
2417,PLE,2008,4
2418,PLE,2012,5
2419,PLE,2016,6
2420,PLW,2000,5
2421,PLW,2004,4
2422,PLW,2008,5
2423,PLW,2012,5
2424,PLW,2016,6
2425,PNG,1976,9
2426,PNG,1984,12
2427,PNG,1988,15
2428,PNG,1992,19
2429,PNG,1996,17
2430,PNG,2000,5
2431,PNG,2004,6
2432,PNG,2008,9
2433,PNG,2012,8
2434,PNG,2016,8
2435,POL,1912,1
2436,POL,1924,115
2437,POL,1928,174
2438,POL,1932,93
2439,POL,1936,209
2440,POL,1948,96
2441,POL,1952,290
2442,POL,1956,192
2443,POL,1960,335
2444,POL,1964,326
2445,POL,1968,348
2446,POL,1972,484
2447,POL,1976,379
2448,POL,1980,457
2449,POL,1984,42
2450,POL,1988,235
2451,POL,1992,361
2452,POL,1994,59
2453,POL,1996,207
2454,POL,1998,79
2455,POL,2000,240
2456,POL,2002,54
2457,POL,2004,224
2458,POL,2006,91
2459,POL,2008,316
2460,POL,2010,106
2461,POL,2012,256
2462,POL,2014,149
2463,POL,2016,289
2464,POR,1912,8
2465,POR,1920,40
2466,POR,1924,47
2467,POR,1928,39
2468,POR,1932,8
2469,POR,1936,26
2470,POR,1948,65
2471,POR,1952,156
2472,POR,1956,18
2473,POR,1960,109
2474,POR,1964,25
2475,POR,1968,33
2476,POR,1972,41
2477,POR,1976,36
2478,POR,1980,18
2479,POR,1984,48
2480,POR,1988,99
2481,POR,1992,115
2482,POR,1994,4
2483,POR,1996,131
2484,POR,1998,2
2485,POR,2000,64
2486,POR,2004,93
2487,POR,2006,1
2488,POR,2008,87
2489,POR,2010,1
2490,POR,2012,98
2491,POR,2014,4
2492,POR,2016,106
2493,PRK,1964,20
2494,PRK,1972,93
2495,PRK,1976,40
2496,PRK,1980,121
2497,PRK,1984,17
2498,PRK,1988,15
2499,PRK,1992,159
2500,PRK,1996,36
2501,PRK,1998,17
2502,PRK,2000,47
2503,PRK,2004,71
2504,PRK,2006,7
2505,PRK,2008,66
2506,PRK,2010,3
2507,PRK,2012,57
2508,PRK,2016,38
2509,PUR,1948,9
2510,PUR,1952,23
2511,PUR,1956,14
2512,PUR,1960,29
2513,PUR,1964,45
2514,PUR,1968,99
2515,PUR,1972,60
2516,PUR,1976,112
2517,PUR,1980,3
2518,PUR,1984,59
2519,PUR,1988,73
2520,PUR,1992,107
2521,PUR,1994,6
2522,PUR,1996,91
2523,PUR,1998,7
2524,PUR,2000,38
2525,PUR,2004,52
2526,PUR,2008,31
2527,PUR,2012,28
2528,PUR,2016,41
2529,QAT,1984,26
2530,QAT,1988,13
2531,QAT,1992,30
2532,QAT,1996,13
2533,QAT,2000,19
2534,QAT,2004,15
2535,QAT,2008,20
2536,QAT,2012,14
2537,QAT,2016,42
2538,RHO,1960,12
2539,ROT,2016,12
2540,ROU,1900,1
2541,ROU,1924,45
2542,ROU,1928,43
2543,ROU,1932,8
2544,ROU,1936,140
2545,ROU,1948,14
2546,ROU,1952,266
2547,ROU,1956,138
2548,ROU,1960,156
2549,ROU,1964,263
2550,ROU,1968,141
2551,ROU,1972,281
2552,ROU,1976,298
2553,ROU,1980,381
2554,ROU,1984,228
2555,ROU,1988,197
2556,ROU,1992,368
2557,ROU,1994,48
2558,ROU,1996,284
2559,ROU,1998,29
2560,ROU,2000,252
2561,ROU,2002,41
2562,ROU,2004,193
2563,ROU,2006,53
2564,ROU,2008,172
2565,ROU,2010,49
2566,ROU,2012,155
2567,ROU,2014,40
2568,ROU,2016,121
2569,RSA,1904,8
2570,RSA,1908,33
2571,RSA,1912,56
2572,RSA,1920,97
2573,RSA,1924,44
2574,RSA,1928,40
2575,RSA,1932,20
2576,RSA,1936,54
2577,RSA,1948,43
2578,RSA,1952,109
2579,RSA,1956,90
2580,RSA,1960,76
2581,RSA,1992,141
2582,RSA,1994,3
2583,RSA,1996,111
2584,RSA,1998,3
2585,RSA,2000,161
2586,RSA,2002,4
2587,RSA,2004,128
2588,RSA,2006,9
2589,RSA,2008,179
2590,RSA,2010,2
2591,RSA,2012,145
2592,RSA,2016,155
2593,RUS,1900,5
2594,RUS,1908,7
2595,RUS,1912,266
2596,RUS,1924,3
2597,RUS,1994,208
2598,RUS,1996,552
2599,RUS,1998,197
2600,RUS,2000,602
2601,RUS,2002,240
2602,RUS,2004,593
2603,RUS,2006,283
2604,RUS,2008,600
2605,RUS,2010,279
2606,RUS,2012,549
2607,RUS,2014,353
2608,RUS,2016,406
2609,RWA,1984,6
2610,RWA,1988,8
2611,RWA,1992,10
2612,RWA,1996,4
2613,RWA,2000,5
2614,RWA,2004,5
2615,RWA,2008,4
2616,RWA,2012,7
2617,RWA,2016,7
2618,SAA,1952,93
2619,SAM,1984,9
2620,SAM,1988,11
2621,SAM,1992,5
2622,SAM,1996,5
2623,SAM,2000,5
2624,SAM,2004,3
2625,SAM,2008,7
2626,SAM,2012,9
2627,SAM,2016,9
2628,SCG,1996,79
2629,SCG,1998,2
2630,SCG,2000,125
2631,SCG,2002,8
2632,SCG,2004,96
2633,SCG,2006,11
2634,SEN,1964,14
2635,SEN,1968,24
2636,SEN,1972,40
2637,SEN,1976,33
2638,SEN,1980,39
2639,SEN,1984,31
2640,SEN,1988,35
2641,SEN,1992,35
2642,SEN,1994,1
2643,SEN,1996,12
2644,SEN,2000,32
2645,SEN,2004,21
2646,SEN,2006,3
2647,SEN,2008,17
2648,SEN,2010,2
2649,SEN,2012,32
2650,SEN,2016,22
2651,SEY,1980,21
2652,SEY,1984,15
2653,SEY,1992,21
2654,SEY,1996,9
2655,SEY,2000,9
2656,SEY,2004,10
2657,SEY,2008,10
2658,SEY,2012,6
2659,SEY,2016,10
2660,SGP,1948,1
2661,SGP,1952,7
2662,SGP,1956,52
2663,SGP,1960,5
2664,SGP,1968,6
2665,SGP,1972,12
2666,SGP,1976,4
2667,SGP,1984,14
2668,SGP,1988,27
2669,SGP,1992,37
2670,SGP,1996,35
2671,SGP,2000,23
2672,SGP,2004,22
2673,SGP,2008,36
2674,SGP,2012,36
2675,SGP,2016,32
2676,SKN,1996,14
2677,SKN,2000,4
2678,SKN,2004,2
2679,SKN,2008,6
2680,SKN,2012,7
2681,SKN,2016,9
2682,SLE,1968,4
2683,SLE,1980,32
2684,SLE,1984,10
2685,SLE,1988,20
2686,SLE,1992,15
2687,SLE,1996,19
2688,SLE,2000,3
2689,SLE,2004,2
2690,SLE,2008,3
2691,SLE,2012,2
2692,SLE,2016,4
2693,SLO,1992,108
2694,SLO,1994,59
2695,SLO,1996,47
2696,SLO,1998,69
2697,SLO,2000,90
2698,SLO,2002,96
2699,SLO,2004,102
2700,SLO,2006,96
2701,SLO,2008,73
2702,SLO,2010,107
2703,SLO,2012,78
2704,SLO,2014,116
2705,SLO,2016,70
2706,SMR,1960,13
2707,SMR,1968,4
2708,SMR,1972,7
2709,SMR,1976,13
2710,SMR,1980,16
2711,SMR,1984,37
2712,SMR,1988,27
2713,SMR,1992,28
2714,SMR,1994,3
2715,SMR,1996,7
2716,SMR,2000,4
2717,SMR,2002,1
2718,SMR,2004,5
2719,SMR,2006,1
2720,SMR,2008,4
2721,SMR,2010,1
2722,SMR,2012,4
2723,SMR,2014,2
2724,SMR,2016,4
2725,SOL,1984,3
2726,SOL,1988,5
2727,SOL,1992,1
2728,SOL,1996,4
2729,SOL,2000,2
2730,SOL,2004,2
2731,SOL,2008,3
2732,SOL,2012,4
2733,SOL,2016,3
2734,SOM,1972,4
2735,SOM,1984,9
2736,SOM,1988,5
2737,SOM,1996,4
2738,SOM,2000,2
2739,SOM,2004,2
2740,SOM,2008,2
2741,SOM,2012,2
2742,SOM,2016,2
2743,SRB,1912,2
2744,SRB,2008,97
2745,SRB,2010,15
2746,SRB,2012,134
2747,SRB,2014,17
2748,SRB,2016,127
2749,SRI,1948,10
2750,SRI,1952,7
2751,SRI,1956,3
2752,SRI,1960,5
2753,SRI,1964,7
2754,SRI,1968,3
2755,SRI,1972,6
2756,SRI,1980,4
2757,SRI,1984,6
2758,SRI,1988,9
2759,SRI,1992,16
2760,SRI,1996,11
2761,SRI,2000,24
2762,SRI,2004,8
2763,SRI,2008,9
2764,SRI,2012,8
2765,SRI,2016,10
2766,SSD,2016,3
2767,STP,1996,2
2768,STP,2000,2
2769,STP,2004,2
2770,STP,2008,4
2771,STP,2012,2
2772,STP,2016,3
2773,SUD,1960,13
2774,SUD,1968,7
2775,SUD,1972,31
2776,SUD,1984,9
2777,SUD,1988,8
2778,SUD,1992,7
2779,SUD,1996,4
2780,SUD,2000,3
2781,SUD,2004,4
2782,SUD,2008,9
2783,SUD,2012,6
2784,SUD,2016,6
2785,SUI,1896,8
2786,SUI,1900,52
2787,SUI,1904,7
2788,SUI,1906,45
2789,SUI,1908,1
2790,SUI,1912,7
2791,SUI,1920,126
2792,SUI,1924,301
2793,SUI,1928,279
2794,SUI,1932,21
2795,SUI,1936,367
2796,SUI,1948,386
2797,SUI,1952,327
2798,SUI,1956,98
2799,SUI,1960,261
2800,SUI,1964,233
2801,SUI,1968,217
2802,SUI,1972,344
2803,SUI,1976,187
2804,SUI,1980,159
2805,SUI,1984,324
2806,SUI,1988,277
2807,SUI,1992,300
2808,SUI,1994,106
2809,SUI,1996,172
2810,SUI,1998,118
2811,SUI,2000,138
2812,SUI,2002,167
2813,SUI,2004,138
2814,SUI,2006,181
2815,SUI,2008,116
2816,SUI,2010,190
2817,SUI,2012,126
2818,SUI,2014,219
2819,SUI,2016,152
2820,SUR,1968,1
2821,SUR,1972,3
2822,SUR,1976,4
2823,SUR,1984,7
2824,SUR,1988,10
2825,SUR,1992,9
2826,SUR,1996,11
2827,SUR,2000,5
2828,SUR,2004,4
2829,SUR,2008,4
2830,SUR,2012,5
2831,SUR,2016,6
2832,SVK,1994,67
2833,SVK,1996,98
2834,SVK,1998,64
2835,SVK,2000,132
2836,SVK,2002,79
2837,SVK,2004,84
2838,SVK,2006,114
2839,SVK,2008,67
2840,SVK,2010,107
2841,SVK,2012,65
2842,SVK,2014,115
2843,SVK,2016,63
2844,SWE,1896,5
2845,SWE,1900,27
2846,SWE,1906,95
2847,SWE,1908,276
2848,SWE,1912,714
2849,SWE,1920,404
2850,SWE,1924,297
2851,SWE,1928,169
2852,SWE,1932,146
2853,SWE,1936,269
2854,SWE,1948,293
2855,SWE,1952,449
2856,SWE,1956,279
2857,SWE,1960,330
2858,SWE,1964,278
2859,SWE,1968,298
2860,SWE,1972,287
2861,SWE,1976,241
2862,SWE,1980,310
2863,SWE,1984,352
2864,SWE,1988,377
2865,SWE,1992,388
2866,SWE,1994,151
2867,SWE,1996,233
2868,SWE,1998,146
2869,SWE,2000,198
2870,SWE,2002,159
2871,SWE,2004,157
2872,SWE,2006,168
2873,SWE,2008,169
2874,SWE,2010,172
2875,SWE,2012,168
2876,SWE,2014,148
2877,SWE,2016,186
2878,SWZ,1972,4
2879,SWZ,1984,11
2880,SWZ,1988,15
2881,SWZ,1992,13
2882,SWZ,1996,6
2883,SWZ,2000,6
2884,SWZ,2004,3
2885,SWZ,2008,4
2886,SWZ,2012,3
2887,SWZ,2016,2
2888,SYR,1948,1
2889,SYR,1968,2
2890,SYR,1972,5
2891,SYR,1980,71
2892,SYR,1984,9
2893,SYR,1988,13
2894,SYR,1992,9
2895,SYR,1996,8
2896,SYR,2000,8
2897,SYR,2004,6
2898,SYR,2008,7
2899,SYR,2012,10
2900,SYR,2016,7
2901,TAN,1964,4
2902,TAN,1968,5
2903,TAN,1972,22
2904,TAN,1980,48
2905,TAN,1984,21
2906,TAN,1988,10
2907,TAN,1992,9
2908,TAN,1996,7
2909,TAN,2000,4
2910,TAN,2004,9
2911,TAN,2008,9
2912,TAN,2012,6
2913,TAN,2016,7
2914,TCH,1920,182
2915,TCH,1924,273
2916,TCH,1928,175
2917,TCH,1932,61
2918,TCH,1936,354
2919,TCH,1948,227
2920,TCH,1952,245
2921,TCH,1956,225
2922,TCH,1960,224
2923,TCH,1964,256
2924,TCH,1968,274
2925,TCH,1972,335
2926,TCH,1976,341
2927,TCH,1980,391
2928,TCH,1984,79
2929,TCH,1988,345
2930,TCH,1992,417
2931,TGA,1984,7
2932,TGA,1988,7
2933,TGA,1992,5
2934,TGA,1996,5
2935,TGA,2000,3
2936,TGA,2004,5
2937,TGA,2008,3
2938,TGA,2012,3
2939,TGA,2014,1
2940,TGA,2016,7
2941,THA,1952,15
2942,THA,1956,40
2943,THA,1960,24
2944,THA,1964,67
2945,THA,1968,46
2946,THA,1972,37
2947,THA,1976,62
2948,THA,1984,40
2949,THA,1988,15
2950,THA,1992,64
2951,THA,1996,58
2952,THA,2000,68
2953,THA,2002,2
2954,THA,2004,51
2955,THA,2006,1
2956,THA,2008,53
2957,THA,2012,43
2958,THA,2014,3
2959,THA,2016,58
2960,TJK,1996,8
2961,TJK,2000,4
2962,TJK,2002,2
2963,TJK,2004,9
2964,TJK,2006,3
2965,TJK,2008,16
2966,TJK,2010,4
2967,TJK,2012,16
2968,TJK,2014,1
2969,TJK,2016,7
2970,TKM,1996,7
2971,TKM,2000,8
2972,TKM,2004,10
2973,TKM,2008,10
2974,TKM,2012,10
2975,TKM,2016,9
2976,TLS,2004,2
2977,TLS,2008,1
2978,TLS,2012,2
2979,TLS,2014,1
2980,TLS,2016,3
2981,TOG,1972,7
2982,TOG,1984,6
2983,TOG,1988,6
2984,TOG,1992,9
2985,TOG,1996,7
2986,TOG,2000,3
2987,TOG,2004,3
2988,TOG,2008,4
2989,TOG,2012,6
2990,TOG,2014,3
2991,TOG,2016,5
2992,TPE,1956,23
2993,TPE,1960,31
2994,TPE,1964,96
2995,TPE,1968,93
2996,TPE,1972,53
2997,TPE,1976,11
2998,TPE,1984,72
2999,TPE,1988,145
3000,TPE,1992,49
3001,TPE,1994,2
3002,TPE,1996,107
3003,TPE,1998,9
3004,TPE,2000,75
3005,TPE,2002,6
3006,TPE,2004,104
3007,TPE,2006,1
3008,TPE,2008,92
3009,TPE,2010,1
3010,TPE,2012,55
3011,TPE,2014,5
3012,TPE,2016,67
3013,TTO,1948,9
3014,TTO,1952,2
3015,TTO,1956,10
3016,TTO,1964,18
3017,TTO,1968,25
3018,TTO,1972,36
3019,TTO,1976,20
3020,TTO,1980,15
3021,TTO,1984,23
3022,TTO,1988,10
3023,TTO,1992,13
3024,TTO,1994,2
3025,TTO,1996,16
3026,TTO,1998,2
3027,TTO,2000,29
3028,TTO,2002,3
3029,TTO,2004,26
3030,TTO,2008,35
3031,TTO,2012,38
3032,TTO,2016,43
3033,TUN,1960,56
3034,TUN,1964,12
3035,TUN,1968,8
3036,TUN,1972,37
3037,TUN,1976,16
3038,TUN,1984,28
3039,TUN,1988,45
3040,TUN,1992,15
3041,TUN,1996,52
3042,TUN,2000,47
3043,TUN,2004,64
3044,TUN,2008,29
3045,TUN,2012,87
3046,TUN,2016,65
3047,TUR,1906,2
3048,TUR,1912,7
3049,TUR,1924,23
3050,TUR,1928,40
3051,TUR,1932,2
3052,TUR,1936,72
3053,TUR,1948,97
3054,TUR,1952,58
3055,TUR,1956,38
3056,TUR,1960,64
3057,TUR,1964,37
3058,TUR,1968,50
3059,TUR,1972,50
3060,TUR,1976,47
3061,TUR,1984,73
3062,TUR,1988,70
3063,TUR,1992,71
3064,TUR,1994,1
3065,TUR,1996,61
3066,TUR,1998,1
3067,TUR,2000,67
3068,TUR,2002,5
3069,TUR,2004,74
3070,TUR,2006,17
3071,TUR,2008,71
3072,TUR,2010,9
3073,TUR,2012,119
3074,TUR,2014,11
3075,TUR,2016,119
3076,TUV,2008,3
3077,TUV,2012,3
3078,TUV,2016,1
3079,UAE,1984,11
3080,UAE,1988,36
3081,UAE,1992,36
3082,UAE,1996,4
3083,UAE,2000,5
3084,UAE,2004,5
3085,UAE,2008,9
3086,UAE,2012,26
3087,UAE,2016,12
3088,UAR,1960,123
3089,UGA,1956,5
3090,UGA,1960,16
3091,UGA,1964,19
3092,UGA,1968,14
3093,UGA,1972,35
3094,UGA,1980,16
3095,UGA,1984,30
3096,UGA,1988,30
3097,UGA,1992,9
3098,UGA,1996,12
3099,UGA,2000,13
3100,UGA,2004,11
3101,UGA,2008,11
3102,UGA,2012,16
3103,UGA,2016,23
3104,UKR,1994,60
3105,UKR,1996,351
3106,UKR,1998,104
3107,UKR,2000,368
3108,UKR,2002,111
3109,UKR,2004,357
3110,UKR,2006,109
3111,UKR,2008,327
3112,UKR,2010,95
3113,UKR,2012,304
3114,UKR,2014,101
3115,UKR,2016,272
3116,UNK,1912,2
3117,URS,1952,451
3118,URS,1956,492
3119,URS,1960,505
3120,URS,1964,570
3121,URS,1968,592
3122,URS,1972,649
3123,URS,1976,695
3124,URS,1980,789
3125,URS,1984,143
3126,URS,1988,799
3127,URU,1924,40
3128,URU,1928,17
3129,URU,1932,6
3130,URU,1936,40
3131,URU,1948,79
3132,URU,1952,42
3133,URU,1956,29
3134,URU,1960,42
3135,URU,1964,29
3136,URU,1968,50
3137,URU,1972,20
3138,URU,1976,15
3139,URU,1984,23
3140,URU,1988,18
3141,URU,1992,18
3142,URU,1996,15
3143,URU,1998,1
3144,URU,2000,17
3145,URU,2004,18
3146,URU,2008,13
3147,URU,2012,27
3148,URU,2016,17
3149,USA,1896,27
3150,USA,1900,135
3151,USA,1904,1109
3152,USA,1906,81
3153,USA,1908,219
3154,USA,1912,364
3155,USA,1920,473
3156,USA,1924,500
3157,USA,1928,471
3158,USA,1932,813
3159,USA,1936,561
3160,USA,1948,521
3161,USA,1952,547
3162,USA,1956,535
3163,USA,1960,533
3164,USA,1964,619
3165,USA,1968,664
3166,USA,1972,725
3167,USA,1976,705
3168,USA,1980,155
3169,USA,1984,849
3170,USA,1988,912
3171,USA,1992,968
3172,USA,1994,237
3173,USA,1996,839
3174,USA,1998,284
3175,USA,2000,764
3176,USA,2002,313
3177,USA,2004,726
3178,USA,2006,325
3179,USA,2008,763
3180,USA,2010,341
3181,USA,2012,689
3182,USA,2014,367
3183,USA,2016,719
3184,UZB,1994,7
3185,UZB,1996,95
3186,UZB,1998,4
3187,UZB,2000,85
3188,UZB,2002,6
3189,UZB,2004,79
3190,UZB,2006,4
3191,UZB,2008,69
3192,UZB,2010,5
3193,UZB,2012,56
3194,UZB,2014,5
3195,UZB,2016,80
3196,VAN,1988,6
3197,VAN,1992,8
3198,VAN,1996,4
3199,VAN,2000,3
3200,VAN,2004,2
3201,VAN,2008,3
3202,VAN,2012,5
3203,VAN,2016,4
3204,VEN,1932,1
3205,VEN,1948,2
3206,VEN,1952,63
3207,VEN,1956,38
3208,VEN,1960,54
3209,VEN,1964,23
3210,VEN,1968,30
3211,VEN,1972,33
3212,VEN,1976,56
3213,VEN,1980,43
3214,VEN,1984,44
3215,VEN,1988,17
3216,VEN,1992,27
3217,VEN,1996,53
3218,VEN,1998,1
3219,VEN,2000,65
3220,VEN,2002,4
3221,VEN,2004,53
3222,VEN,2006,1
3223,VEN,2008,126
3224,VEN,2012,85
3225,VEN,2014,1
3226,VEN,2016,105
3227,VIE,1980,38
3228,VIE,1988,12
3229,VIE,1992,10
3230,VIE,1996,6
3231,VIE,2000,7
3232,VIE,2004,11
3233,VIE,2008,18
3234,VIE,2012,24
3235,VIE,2016,28
3236,VIN,1988,6
3237,VIN,1992,8
3238,VIN,1996,12
3239,VIN,2000,4
3240,VIN,2004,3
3241,VIN,2008,2
3242,VIN,2012,3
3243,VIN,2016,4
3244,VNM,1952,13
3245,VNM,1956,10
3246,VNM,1960,5
3247,VNM,1964,23
3248,VNM,1968,9
3249,VNM,1972,2
3250,WIF,1960,20
3251,YAR,1984,3
3252,YAR,1988,8
3253,YEM,1992,8
3254,YEM,1996,4
3255,YEM,2000,2
3256,YEM,2004,3
3257,YEM,2008,8
3258,YEM,2012,4
3259,YEM,2016,3
3260,YMD,1988,5
3261,YUG,1920,15
3262,YUG,1924,123
3263,YUG,1928,94
3264,YUG,1932,1
3265,YUG,1936,197
3266,YUG,1948,192
3267,YUG,1952,203
3268,YUG,1956,73
3269,YUG,1960,185
3270,YUG,1964,177
3271,YUG,1968,176
3272,YUG,1972,243
3273,YUG,1976,136
3274,YUG,1980,207
3275,YUG,1984,269
3276,YUG,1988,232
3277,YUG,1992,60
3278,ZAM,1964,15
3279,ZAM,1968,7
3280,ZAM,1972,12
3281,ZAM,1980,43
3282,ZAM,1984,18
3283,ZAM,1988,33
3284,ZAM,1992,11
3285,ZAM,1996,8
3286,ZAM,2000,8
3287,ZAM,2004,6
3288,ZAM,2008,8
3289,ZAM,2012,7
3290,ZAM,2016,7
3291,ZIM,1928,2
3292,ZIM,1960,10
3293,ZIM,1964,33
3294,ZIM,1980,52
3295,ZIM,1984,20
3296,ZIM,1988,47
3297,ZIM,1992,28
3298,ZIM,1996,21
3299,ZIM,2000,26
3300,ZIM,2004,14
3301,ZIM,2008,16
3302,ZIM,2012,9
3303,ZIM,2014,2
3304,ZIM,2016,31
